env,n_objectives,n_actions,n_states,n_unique_states,obs_repeat_ratio,gt_method,frac_goal_active,probes_per_state,score,spearman_flip_fraction,auroc_detect_goal_active,spearman_nearest_flip,mean_I,median_I,basis_n_multi,basis_n_forks,basis_mi_forks,basis_mi_nonfork,elapsed_s
bp,2,4,39,35,0.103,grid,0.821,267,kl,0.7934210042617785,0.9642857142857143,-0.1656891495601173,0.33827685377115996,0.32606156753288784,3,2,0.30869890807848765,0.00035154658458102714,2.5
bp,2,4,39,35,0.103,grid,0.821,267,tv,0.8077415830637384,0.9732142857142857,-0.19391495601173017,0.27415765746638704,0.2971169334513798,3,2,0.30869890807848765,0.00035154658458102714,2.5
bp,2,4,39,35,0.103,grid,0.821,267,js,0.7785926035164866,0.9642857142857143,-0.03922287390029325,0.09793606453687417,0.10257954365328784,3,2,0.30869890807848765,0.00035154658458102714,2.5
bp,2,4,39,35,0.103,grid,0.821,267,flip,0.8164651082758726,0.9375,-0.34565653778339905,0.2999617510874808,0.30278884462151395,3,2,0.30869890807848765,0.00035154658458102714,2.5
dst,2,4,96,21,0.781,grid,0.698,301,kl,0.6715142203940832,0.8142048378795677,-0.3723361800622556,0.3035688619439749,0.1007110686796609,17,10,0.4782450760816633,0.050377993517629505,2.3
dst,2,4,96,21,0.781,grid,0.698,301,tv,0.6395789939989254,0.6644364384971694,-0.42453507861760725,0.21926306925830893,0.14344883743525644,17,10,0.4782450760816633,0.050377993517629505,2.3
dst,2,4,96,21,0.781,grid,0.698,301,js,0.6724575420879462,0.8430262480699948,-0.37592784739404583,0.08181100603018888,0.027741609813443126,17,10,0.4782450760816633,0.050377993517629505,2.3
dst,2,4,96,21,0.781,grid,0.698,301,flip,0.8618751604528337,0.9701492537313433,-0.5010032241354078,0.191731018672859,0.0664451827242525,17,10,0.4782450760816633,0.050377993517629505,2.3
reward_line,2,4,74,31,0.581,grid,0.973,287,kl,0.7420320541132411,0.7569444444444444,-0.08158080905524472,0.7000749136705782,0.5950077904657277,16,12,0.34813555345899694,0.03402600805360807,1.7
reward_line,2,4,74,31,0.581,grid,0.973,287,tv,0.7245876461778901,0.9583333333333334,-0.025210624477458362,0.4449817016960337,0.4699165481298614,16,12,0.34813555345899694,0.03402600805360807,1.7
reward_line,2,4,74,31,0.581,grid,0.973,287,js,0.6431902898644254,0.9444444444444444,0.07151585310952474,0.1758827236561375,0.1683891082084509,16,12,0.34813555345899694,0.03402600805360807,1.7
reward_line,2,4,74,31,0.581,grid,0.973,287,flip,0.9448350069458151,1.0,-0.4633790488858543,0.5544296728860797,0.5132890365448505,16,12,0.34813555345899694,0.03402600805360807,1.7
MC3,3,6,184,148,0.196,grid,1.0,549,kl,0.4211622416115506,nan,-0.6623114309877182,1.4864359926418949,1.0711680100130114,18,8,0.6407502321577575,0.021118733741437516,1792.0
MC3,3,6,184,148,0.196,grid,1.0,549,tv,0.41227135339796167,nan,-0.6563492690441272,0.6462369399510833,0.6393211779217999,18,8,0.6407502321577575,0.021118733741437516,1792.0
MC3,3,6,184,148,0.196,grid,1.0,549,js,0.4028554885780449,nan,-0.6652828800339181,0.3346438682032467,0.29959329571231597,18,8,0.6407502321577575,0.021118733741437516,1792.0
MC3,3,6,184,148,0.196,grid,1.0,549,flip,0.6727243700165678,nan,-0.5677219259984327,0.6411931719296355,0.6143375680580763,18,8,0.6407502321577575,0.021118733741437516,1792.0
bb,3,3,40,12,0.7,grid,0.525,552,kl,0.6883431593348,0.9624060150375939,-0.8144164418926974,0.0536074302791004,0.00024796833034734247,2,0,0.0,0.0,1.1
bb,3,3,40,12,0.7,grid,0.525,552,tv,0.6883431593348,0.9624060150375939,-0.8144164418926974,0.04228182345444427,0.0002480387516012266,2,0,0.0,0.0,1.1
bb,3,3,40,12,0.7,grid,0.525,552,js,0.6883431593348,0.9624060150375939,-0.8144164418926974,0.017197848434204355,8.592270942217351e-05,2,0,0.0,0.0,1.1
bb,3,3,40,12,0.7,grid,0.525,552,flip,0.07888539214963458,0.6428571428571429,-0.7602798458092989,0.042527173913043476,0.0,2,0,0.0,0.0,1.1
fourroom2,3,4,40,28,0.3,grid,0.5,533,kl,0.772356674021768,0.9775,-0.2998430141287284,0.04628207384876126,0.010526938213157202,2,0,0.0,0.0,184.7
fourroom2,3,4,40,28,0.3,grid,0.5,533,tv,0.8236179430005658,0.99,-0.2448979591836734,0.09434584851948341,0.05627351479377428,2,0,0.0,0.0,184.7
fourroom2,3,4,40,28,0.3,grid,0.5,533,js,0.7857028032233483,0.9825,-0.17896389324960751,0.011736120515603781,0.002527428414402565,2,0,0.0,0.0,184.7
fourroom2,3,4,40,28,0.3,grid,0.5,533,flip,0.9705075251982814,0.975,0.015698587127158554,0.1169960442092222,0.0,2,0,0.0,0.0,184.7
rsg2,3,4,12,12,0.0,grid,0.667,562,kl,0.7154157546749257,0.96875,-0.11904761904761905,0.051026616130089186,0.023711632583732302,0,0,0.0,0.0,28.3
rsg2,3,4,12,12,0.0,grid,0.667,562,tv,0.7367714488443264,0.90625,-0.261904761904762,0.06892564942803935,0.04733309406363709,0,0,0.0,0.0,28.3
rsg2,3,4,12,12,0.0,grid,0.667,562,js,0.6727043663361241,0.96875,0.04761904761904763,0.014456178656224733,0.007609906424473698,0,0,0.0,0.0,28.3
rsg2,3,4,12,12,0.0,grid,0.667,562,flip,0.8985507246376812,1.0,-0.6666666666666669,0.119281045751634,0.04188948306595366,0,0,0.0,0.0,28.3
three_tree,3,3,56,18,0.679,grid,1.0,552,kl,0.7551813057180546,nan,-0.25920229672921147,1.0222844823065194,1.050197127278083,13,10,0.8110174282406986,4.2024843040875737e-13,516.9
three_tree,3,3,56,18,0.679,grid,1.0,552,tv,0.7551813057180546,nan,-0.25920229672921147,0.6326886157695596,0.6501291724700795,13,10,0.8110174282406986,4.2024843040875737e-13,516.9
three_tree,3,3,56,18,0.679,grid,1.0,552,js,0.7551813057180546,nan,-0.25920229672921147,0.298075836920371,0.3069455417863461,13,10,0.8110174282406986,4.2024843040875737e-13,516.9
three_tree,3,3,56,18,0.679,grid,1.0,552,flip,0.7613622739788132,nan,-0.2548805236318544,0.6328428830697433,0.6479128856624319,13,10,0.8110174282406986,4.2024843040875737e-13,516.9
c2,4,4,108,73,0.324,mc,1.0,868,kl,0.7262922252226429,nan,-0.6847666097258437,0.28764726370128396,0.27220838737283626,13,5,0.14247096914356966,0.0006910996346766872,32.5
c2,4,4,108,73,0.324,mc,1.0,868,tv,0.7456052642703196,nan,-0.6798458515547925,0.33645943118491944,0.35227935856887993,13,5,0.14247096914356966,0.0006910996346766872,32.5
c2,4,4,108,73,0.324,mc,1.0,868,js,0.7128578961366911,nan,-0.6688039179241081,0.06956739342504116,0.06706873147068684,13,5,0.14247096914356966,0.0006910996346766872,32.5
c2,4,4,108,73,0.324,mc,1.0,868,flip,0.8412855722927702,nan,-0.6320337660020536,0.714254089055035,0.9148061104582843,13,5,0.14247096914356966,0.0006910996346766872,32.5
ft,6,2,112,51,0.545,mc,1.0,3502,kl,0.7992813190301025,nan,-0.17424200813143215,1.1110727838999002,0.6643174983810696,22,15,0.6619197823312724,1.0901858019946307e-09,18.2
ft,6,2,112,51,0.545,mc,1.0,3502,tv,0.7992813190301025,nan,-0.17424200813143215,0.5071673871633239,0.48530907317312044,22,15,0.6619197823312724,1.0901858019946307e-09,18.2
ft,6,2,112,51,0.545,mc,1.0,3502,js,0.7992813190301025,nan,-0.17424200813143215,0.25754649544828234,0.2077845542305447,22,15,0.6619197823312724,1.0901858019946307e-09,18.2
ft,6,2,112,51,0.545,mc,1.0,3502,flip,0.7984333586332604,nan,-0.1772050790755038,0.5071688701187416,0.48628963153384747,22,15,0.6619197823312724,1.0901858019946307e-09,18.2
